Fighter;Opponent;Result;Event;Event_date;Method;Referee;Round;Time
Virna Jandiroba;Mallory Martin;win;UFC on ESPN 7 - Overeem vs. Rozenstruik;Dec / 07 / 2019;Submission (Rear-Naked Choke);Keith Peterson;2;1:16
Virna Jandiroba;Carla Esparza;loss;UFC Fight Night 150 - Jacare vs. Hermansson;Apr / 27 / 2019;Decision (Unanimous);Alan Abeles;3;5:00
Virna Jandiroba;Janaisa Morandin;win;Invicta FC 31 - Jandiroba vs. Morandin;Sep / 01 / 2018;Submission (Arm-Triangle Choke);Mike England;2;2:23
Virna Jandiroba;Mizuki Inoue;win;Invicta FC 28 - Mizuki vs. Jandiroba;Mar / 24 / 2018;Decision (Split);Dave Seljestad;5;5:00
Virna Jandiroba;Amy Montenegro;win;Invicta FC 26 - Maia vs. Niedzwiedz;Dec / 08 / 2017;Submission (Armbar);Greg Franklin;1;2:50
Virna Jandiroba;Ericka Almeida;win;F2N - Fight 2 Night 2;Apr / 28 / 2017;Decision (Split);Camila Albuquerque;3;5:00
Virna Jandiroba;Suiane Teixeira dos Santos;win;Imperium - MMA Pro 12;Nov / 26 / 2016;Submission (Armbar);Carla Freitas;1;0:46
Virna Jandiroba;Lisa Ellis;win;F2N - Fight 2 Night;Nov / 04 / 2016;Submission (Rear-Naked Choke);Fernando Portella;1;2:21
Virna Jandiroba;Cristiane Lima Silva;win;Fight On MMA - Fight On 3;Jul / 30 / 2016;Submission (Rear-Naked Choke);Alexandre Camera;1;2:34
Virna Jandiroba;Anne Karoline Nascimento;win;MNA MMA Circuit 2 - MNA MMA Circuit 2016;Apr / 09 / 2016;Submission (Armbar);Carla Freitas;2;3:29
Virna Jandiroba;Aline Sattelmayer;win;O Rei da Arena Fight - The King of Arena Fight 2;Nov / 14 / 2015;Decision (Unanimous);Carla Freitas;3;5:00
Virna Jandiroba;Cristiane Lima Silva;win;VFC 4 - Velame Fight Combat 4;Sep / 12 / 2015;Submission (Rear-Naked Choke);Carla Freitas;1;2:53
Virna Jandiroba;Carla Ramos;win;BFC 2 - Banzay Fight Championship 2;May / 16 / 2015;Submission (Triangle Choke);Carla Freitas;1;1:50
Virna Jandiroba;Camila Lima;win;MMASH - MMA Super Heroes 7;Nov / 15 / 2014;Submission (Rear-Naked Choke);N/A;2;4:30
Virna Jandiroba;Gina Brito Silva Santana;win;The Iron Fight 2.0 - MMA Tournament;Dec / 21 / 2013;Submission (Rear-Naked Choke);N/A;3;N/A
Virna Jandiroba;Joana Santana;win;PFL - Premier Fight League 10;Jun / 15 / 2013;Submission (Rear-Naked Choke);Carla Freitas;1;0:41
Joanna Jedrzejczyk;Weili Zhang;loss;UFC 248 - Adesanya vs. Romero;Mar / 07 / 2020;Decision (Split);Keith Peterson;5;5:00
Joanna Jedrzejczyk;Michelle Waterson;win;UFC Fight Night 161 - Jedrzejczyk vs. Waterson;Oct / 12 / 2019;Decision (Unanimous);Herb Dean;5;5:00
Joanna Jedrzejczyk;Valentina Shevchenko;loss;UFC 231 - Holloway vs. Ortega;Dec / 08 / 2018;Decision (Unanimous);Todd Anderson;5;5:00
Joanna Jedrzejczyk;Tecia Torres;win;UFC on Fox 30 - Alvarez vs. Poirier 2;Jul / 28 / 2018;Decision (Unanimous);Keith Peterson;3;5:00
Joanna Jedrzejczyk;Rose Namajunas;loss;UFC 223 - Khabib vs. Iaquinta;Apr / 07 / 2018;Decision (Unanimous);Keith Peterson;5;5:00
Joanna Jedrzejczyk;Rose Namajunas;loss;UFC 217 - Bisping vs. St. Pierre;Nov / 04 / 2017;TKO (Punches);John McCarthy;1;3:03
Joanna Jedrzejczyk;Jessica Andrade;win;UFC 211 - Miocic vs. Dos Santos 2;May / 13 / 2017;Decision (Unanimous);Jacob Montalvo;5;5:00
Joanna Jedrzejczyk;Karolina Kowalkiewicz;win;UFC 205 - Alvarez vs. McGregor;Nov / 12 / 2016;Decision (Unanimous);Keith Peterson;5;5:00
Joanna Jedrzejczyk;Claudia Gadelha;win;UFC  - The Ultimate Fighter 23 Finale;Jul / 08 / 2016;Decision (Unanimous);John McCarthy;5;5:00
Joanna Jedrzejczyk;Valerie Letourneau;win;UFC 193 - Rousey vs. Holm;Nov / 14 / 2015;Decision (Unanimous);Steve Perceval;5;5:00
Joanna Jedrzejczyk;Jessica Penne;win;UFC Fight Night 69 - Jedrzejczyk vs. Penne;Jun / 20 / 2015;TKO (Punches and Knee);Marc Goddard;3;4:22
Joanna Jedrzejczyk;Carla Esparza;win;UFC 185 - Pettis vs. dos Anjos;Mar / 14 / 2015;KO (Punches);Don Turnage;2;4:17
Joanna Jedrzejczyk;Claudia Gadelha;win;UFC on Fox 13 - Dos Santos vs. Miocic;Dec / 13 / 2014;Decision (Split);Al Guinee;3;5:00
Joanna Jedrzejczyk;Juliana Lima;win;UFC on Fox 12 - Lawler vs. Brown;Jul / 26 / 2014;Decision (Unanimous);Mike Beltran;3;5:00
Joanna Jedrzejczyk;Rosi Sexton;win;CWFC 69 - Super Saturday;Jun / 07 / 2014;KO (Punch);Rich Mitchell;2;2:36
Joanna Jedrzejczyk;Karla Benitez;win;WAM - Fabinski vs. Herb;May / 09 / 2014;Decision (Unanimous);Lukasz Bosacki;3;5:00
Joanna Jedrzejczyk;Julia Berezikova;win;Fight Nights - Battle of Moscow 12;Jun / 20 / 2013;Decision (Unanimous);Benny Rogmans;2;5:00
Joanna Jedrzejczyk;Kate Jackson;win;PLMMA 17 Extra - Warmia Heroes;May / 18 / 2013;TKO (Retirement);Artur Wasilewski;2;5:00
Joanna Jedrzejczyk;Liliya Kazak;win;MFC 5 - Makowski Fighting Championship 5;Dec / 08 / 2012;Submission (Rear-Naked Choke);Piotr Rutkowski;1;3:22
Joanna Jedrzejczyk;Sylwia Juskiewicz;win;SFT - MMA Fight Night Diva SPA;May / 19 / 2012;Decision (Unanimous);Krzysztof Kulak;2;5:00
Chanmi Jeon;Shizuka Sugiyama;loss;Double G FC 2 - Double G Fighting Championship;Mar / 30 / 2019;Decision (Unanimous);N/A;3;5:00
Chanmi Jeon;Syuri Kondo;loss;UFC Fight Night 117 - St. Preux vs. Okami;Sep / 22 / 2017;Decision (Split);Steve Perceval;3;5:00
Chanmi Jeon;J.J. Aldrich;loss;UFC Fight Night 110 - Hunt vs. Lewis;Jun / 10 / 2017;Decision (Unanimous);Neil Swailes;3;5:00
Chanmi Jeon;Megumi Yabushita;win;All FC 5 - All Fighting Championship 5;Sep / 10 / 2016;TKO (Punches);N/A;1;3:00
Chanmi Jeon;Na-Young Song;win;All FC 1 - All Fighting Championship 1;Jul / 17 / 2016;Decision (Unanimous);N/A;2;5:00
Chanmi Jeon;So-Min Ji;win;All FC 1 - All Fighting Championship 1;Jul / 17 / 2016;TKO (Elbows);N/A;1;0:47
Chanmi Jeon;Natsumi Sugie;win;KAMA - Korean All MMA Association 13;Dec / 26 / 2015;KO (Knee);N/A;1;0:30
Chanmi Jeon;Nozomi  Dai;win;KAMA - Korean All MMA Association 11;Jun / 05 / 2015;TKO (Knees);N/A;1;0:36
Liana Jojua;Sarah Moras;loss;UFC 242 - Khabib vs. Poirier;Sep / 07 / 2019;TKO (Punches);Marc Goddard;3;2:26
Liana Jojua;Marina Mokhnatkina;win;FNG - Fight Nights Global 83;Feb / 22 / 2018;Decision (Majority);Jan Vobornik;5;5:00
Liana Jojua;Viktoriya Shalimova;win;Emir Fighting Championship - EFC Selection 1;Dec / 29 / 2017;Submission (Heel Hook);Ilya Volkov;1;0:28
Liana Jojua;Karina Vasilenko;win;FNG - Fight Nights Global 71;Jul / 29 / 2017;Submission (Armbar);Dmitry Valuevich;1;4:15
Liana Jojua;Tao Li;win;Kunlun Fight - Kunlun Fight MMA 7;Dec / 15 / 2016;Submission (Armbar);N/A;1;3:14
Liana Jojua;Valeria Pak;win;Student League MMA - Ivanov vs. Karapetyan;Nov / 06 / 2016;Submission (Armbar);Alexander Kolesnikov;1;0:41
Liana Jojua;Na Liang;loss;WLF - E.P.I.C.: Elevation Power in Cage 7;Aug / 20 / 2016;Submission (Rear-Naked Choke);N/A;2;N/A
Liana Jojua;Zamzagul Fayzallanova;loss;Alash Pride - Atyrau the Beautiful;Jan / 16 / 2016;Decision (Split);Daurenbek Zhakayev;3;5:00
Liana Jojua;Tatyana Pevneva;win;OFS - Octagon Fighting Sensation 5;Oct / 03 / 2015;TKO (Punches);Stanislav Novitsky;1;3:07
Liana Jojua;Ekaterina Golovatova;win;Kumite Fight - Kumite Fight 4;Sep / 27 / 2015;Submission (Armbar);N/A;3;N/A
Nadia Kassem;Ji Yeon Kim;loss;UFC 243 - Whittaker vs. Adesanya;Oct / 05 / 2019;KO (Punch to the Body);Jim Perdios;2;4:59
Nadia Kassem;Montana De La Rosa;loss;UFC 234 - Adesanya vs. Silva;Feb / 09 / 2019;Submission (Armbar);Peter Hickmott;2;2:37
Nadia Kassem;Alex Chambers;win;UFC Fight Night 121 - Werdum vs. Tybura;Nov / 18 / 2017;Decision (Unanimous);Jim Perdios;3;5:00
Nadia Kassem;Jasita Yotawan;win;JNI Promotions - 1 on 1;Feb / 24 / 2017;TKO (Punches);Chris Aliendi;1;1:27
Nadia Kassem;Leigha Aurisch;win;Urban Fight Night 9 - Fight of the Nations;Dec / 03 / 2016;TKO (Head Kick and Punches);Jim Perdios;1;0:19
Nadia Kassem;Belinda Sedgwick;win;UFN 5 - Urban Fight Night 5;Dec / 12 / 2015;KO (Spinning Backfist);Jim Perdios;1;0:10
Nadia Kassem;Jiang Zhu;win;JNI Promotions - The Century;Aug / 28 / 2015;KO (Punch);Paul Grech;1;0:26
Pannie Kianzad;Jessica-Rose Clark;win;UFC Fight Night 163 - Magomedsharipov vs. Kattar;Nov / 09 / 2019;Decision (Unanimous);Rich Mitchell;3;5:00
Pannie Kianzad;Julia Avila;loss;UFC 239 - Jones vs. Santos;Jul / 06 / 2019;Decision (Unanimous);Chris Tognoni;3;5:00
Pannie Kianzad;Iony Razafiarison;win;Superior Challenge 19 - Cirkus;May / 11 / 2019;Decision (Unanimous);Bobby Rehman;3;5:00
Pannie Kianzad;Macy Chiasson;loss;UFC - The Ultimate Fighter 28 Finale;Nov / 30 / 2018;Submission (Rear-Naked Choke);Yves Lavigne;2;2:11
Pannie Kianzad;Kerry Hughes;win;Danish MMA Night - Vol. 1;Jun / 09 / 2018;Decision (Unanimous);Martin Rhod;3;5:00
Pannie Kianzad;Bianca Daimoni;win;Invicta FC 29 - Kaufman vs. Lehner;May / 04 / 2018;Decision (Unanimous);Greg Franklin;3;5:00
Pannie Kianzad;Sarah Kaufman;loss;Invicta FC 27 - Kianzad vs. Kaufman;Jan / 13 / 2018;Decision (Unanimous);Mike England;3;5:00
Pannie Kianzad;Raquel Pa'aluhi;loss;Invicta FC 21 - Anderson vs. Tweet;Jan / 14 / 2017;Submission (Rear-Naked Choke);Mike England;1;3:40
Pannie Kianzad;Tonya Evinger;loss;Invicta FC 14 - Evinger vs. Kianzad;Sep / 12 / 2015;TKO (Punches);John McCarthy;2;3:34
Pannie Kianzad;Jessica-Rose Clark;win;Invicta FC 13 - Cyborg vs. Van Duin;Jul / 09 / 2015;Decision (Unanimous);Steve Mazzagatti;3;5:00
Pannie Kianzad;Eeva Siiskonen;win;CWFC 74 - Cage Warriors Fighting Championship 74;Nov / 15 / 2014;Decision (Unanimous);Marc Goddard;5;5:00
Pannie Kianzad;Megan van Houtum;win;CWFC 71 - Cage Warriors Fighting Championship 71;Aug / 22 / 2014;TKO (Punches);Peter Lavery;3;2:17
Pannie Kianzad;Annalisa Bucci;win;Superior Challenge 10 - Helsingborg;May / 03 / 2014;Decision (Unanimous);N/A;3;5:00
Pannie Kianzad;Milana Dudieva;win;ProFC - ProFC 50;Oct / 16 / 2013;Decision (Unanimous);N/A;3;5:00
Pannie Kianzad;Lina Lansberg;win;Trophy MMA 1 - New Year's Bash 1;Dec / 29 / 2012;TKO (Punches);Robert Sundel;3;4:44
Pannie Kianzad;Cheryl Flynn;win;Vision FC 5 - Finale;Dec / 01 / 2012;TKO (Punches);Bobby Rehman;1;0:00
Pannie Kianzad;Helin Paara;win;MMA Raju - MMA Raju 9;Apr / 14 / 2012;Decision (Unanimous);Risto Merisalu;3;4:00
Ji Yeon Kim;Nadia Kassem;win;UFC 243 - Whittaker vs. Adesanya;Oct / 05 / 2019;KO (Punch to the Body);Jim Perdios;2;4:59
Ji Yeon Kim;Antonina Shevchenko;loss;UFC - The Ultimate Fighter 28 Finale;Nov / 30 / 2018;Decision (Unanimous);Yves Lavigne;3;5:00
Ji Yeon Kim;Melinda Fabian;win;UFC Fight Night 132 - Cerrone vs. Edwards;Jun / 23 / 2018;Decision (Split);Thomas Fan;3;5:00
Ji Yeon Kim;Justine Kish;win;UFC on Fox 27 - Jacare vs. Brunson 2;Jan / 27 / 2018;Decision (Split);Dan Miragliotta;3;5:00
Ji Yeon Kim;Lucie Pudilova;loss;UFC Fight Night 111 - Holm vs. Correia;Jun / 17 / 2017;Decision (Unanimous);Greg Kleynjans;3;5:00
Ji Yeon Kim;Tao Li;win;TFC 13 - Top FC 13;Nov / 05 / 2016;Submission (Rear-Naked Choke);N/A;2;1:30
Ji Yeon Kim;Jin Tang;win;Top FC 11 - Top FC vs. Kunlun Fight;May / 22 / 2016;Decision (Unanimous);N/A;3;5:00
Ji Yeon Kim;Takayo Hashi;win;Deep - Jewels 9;Aug / 29 / 2015;Decision (Unanimous);Kenichi Serizawa;3;5:00
Ji Yeon Kim;Hatice Ozyurt;win;Road FC 23 - Road Fighting Championship 23;May / 02 / 2015;Submission (Armbar);N/A;2;1:14
Ji Yeon Kim;Miki Miyauchi;win;Gladiator - Gladiator 81;Mar / 01 / 2015;TKO (Knees and Punches);N/A;2;0:18
Ji Yeon Kim;Yukimi Kamikaze;win;Road FC 18 - Road Fighting Championship 18;Aug / 30 / 2014;Submission (Rear-Naked Choke);N/A;1;1:57
Ji Yeon Kim;Takayo Hashi;draw;Road FC - Korea 2: Korea vs. Japan;Mar / 09 / 2014;Draw (Unanimous);N/A;2;5:00
Ji Yeon Kim;Shizuka Sugiyama;draw;Deep - Cage Impact 2013;Nov / 24 / 2013;Draw (Majority);N/A;2;5:00
Justine Kish;Lucie Pudilova;win;UFC Fight Night 166 - Blaydes vs. dos Santos;Jan / 25 / 2020;Decision (Unanimous);Kevin MacDonald;3;5:00
Justine Kish;Ji Yeon Kim;loss;UFC on Fox 27 - Jacare vs. Brunson 2;Jan / 27 / 2018;Decision (Split);Dan Miragliotta;3;5:00
Justine Kish;Felice Herrig;loss;UFC Fight Night 112 - Chiesa vs. Lee;Jun / 25 / 2017;Decision (Unanimous);Keith Peterson;3;5:00
Justine Kish;Ashley Yoder;win;UFC Fight Night 102 - Lewis vs. Abdurakhimov;Dec / 09 / 2016;Decision (Unanimous);Dan Miragliotta;3;5:00
Justine Kish;Nina Ansaroff;win;UFC 195 - Lawler vs. Condit;Jan / 02 / 2016;Decision (Unanimous);Chris Tognoni;3;5:00
Justine Kish;Randa Markos;win;RFA 12 - Ortega vs. Koch;Jan / 24 / 2014;Decision (Unanimous);Steven Davis;3;5:00
Justine Kish;Jin Tang;win;WCK Muay Thai - Team WCK vs. Team Wu Lin Feng;Nov / 02 / 2013;Decision (Unanimous);Steve Mazzagatti;3;5:00
Justine Kish;Christine Stanley;win;RFA 9 - Munhoz vs. Curran;Aug / 16 / 2013;Submission (Armbar);John McCarthy;2;4:29
Justine Kish;Munah Holland;win;ROC 33 - Ring of Combat 33;Dec / 03 / 2010;Submission (Triangle Choke);Keith Peterson;2;2:53
Syuri Kondo;Ashley Yoder;loss;UFC Fight Night 154 - Moicano vs. The Korean Zombie;Jun / 22 / 2019;Decision (Unanimous);Gary Copeland;3;5:00
Syuri Kondo;Xiaonan Yan;loss;UFC Fight Night 141 - Blaydes vs. Ngannou 2;Nov / 24 / 2018;Decision (Unanimous);John Sharp;3;5:00
Syuri Kondo;Poliana Botelho;loss;UFC Fight Night 129 - Maia vs. Usman;May / 19 / 2018;TKO (Kick to the Body and Punches);Camila Albuquerque;1;0:33
Syuri Kondo;Chanmi Jeon;win;UFC Fight Night 117 - St. Preux vs. Okami;Sep / 22 / 2017;Decision (Split);Steve Perceval;3;5:00
Syuri Kondo;Kinberly Tanaka Novaes;win;Pancrase - 287;May / 28 / 2017;Decision (Unanimous);Yoshinori Umeki;5;5:00
Syuri Kondo;Minna Grusander;win;Pancrase - 284;Feb / 05 / 2017;Decision (Unanimous);Yoshinori Umeki;3;5:00
Syuri Kondo;Sharma Devaiah;win;Pancrase - 282;Nov / 13 / 2016;TKO (Punches);Yoshinori Umeki;1;3:38
Syuri Kondo;Nicolle Caliari;win;Pancrase - 279;Jul / 24 / 2016;Decision (Unanimous);Yoshinori Umeki;3;5:00
Syuri Kondo;Kanna Asakura;win;Pancrase - 277;Apr / 24 / 2016;Decision (Unanimous);Yoshinori Umeki;3;3:00
Karolina Kowalkiewicz;Xiaonan Yan;loss;UFC Fight Night 168 - Felder vs. Hooker;Feb / 23 / 2020;Decision (Unanimous);Mark Craig;3;5:00
Karolina Kowalkiewicz;Alexa Grasso;loss;UFC 238 - Cejudo vs. Moraes;Jun / 08 / 2019;Decision (Unanimous);Kevin MacDonald;3;5:00
Karolina Kowalkiewicz;Michelle Waterson;loss;UFC on ESPN 2 - Barboza vs. Gaethje;Mar / 30 / 2019;Decision (Unanimous);Dan Miragliotta;3;5:00
Karolina Kowalkiewicz;Jessica Andrade;loss;UFC 228 - Woodley vs. Till;Sep / 08 / 2018;KO (Punch);Kerry Hatley;1;1:58
Karolina Kowalkiewicz;Felice Herrig;win;UFC 223 - Khabib vs. Iaquinta;Apr / 07 / 2018;Decision (Split);Keith Peterson;3;5:00
Karolina Kowalkiewicz;Jodie Esquibel;win;UFC Fight Night 118 - Cerrone vs. Till;Oct / 21 / 2017;Decision (Unanimous);Leon Roberts;3;5:00
Karolina Kowalkiewicz;Claudia Gadelha;loss;UFC 212 - Aldo vs. Holloway;Jun / 03 / 2017;Submission (Rear-Naked Choke);Mario Yamasaki;1;3:03
Karolina Kowalkiewicz;Joanna Jedrzejczyk;loss;UFC 205 - Alvarez vs. McGregor;Nov / 12 / 2016;Decision (Unanimous);Keith Peterson;5;5:00
Karolina Kowalkiewicz;Rose Namajunas;win;UFC 201 - Lawler vs. Woodley;Jul / 30 / 2016;Decision (Split);Blake Grice;3;5:00
Karolina Kowalkiewicz;Heather Clark;win;UFC Fight Night 87 - Overeem vs. Arlovski;May / 08 / 2016;Decision (Unanimous);Marc Goddard;3;5:00
Karolina Kowalkiewicz;Randa Markos;win;UFC on Fox 17 - Dos Anjos vs. Cerrone 2;Dec / 19 / 2015;Decision (Unanimous);Herb Dean;3;5:00
Karolina Kowalkiewicz;Kalindra Faria;win;KSW 30 - Genesis;Feb / 21 / 2015;Decision (Split);Lukasz Porebski;3;5:00
Karolina Kowalkiewicz;Mizuki Inoue;win;Invicta FC 9 - Honchak vs. Hashi;Nov / 01 / 2014;Decision (Split);Rob Hinds;3;5:00
Karolina Kowalkiewicz;Jasminka Cive;win;KSW 27 - Cage Time;May / 17 / 2014;Submission (Armbar);Piotr Baginski;1;3:53
Karolina Kowalkiewicz;Simona Soukupova;win;KSW 24 - Clash of the Giants;Sep / 28 / 2013;Decision (Unanimous);Piotr Baginski;3;5:00
Karolina Kowalkiewicz;Marta Chojnoska;win;KSW 23 - Khalidov vs. Manhoef;Jun / 08 / 2013;Submission (Rear-Naked Choke);Piotr Baginski;1;1:11
Karolina Kowalkiewicz;Paulina Bonkowska;win;KSW 21 - Final Resolution;Dec / 01 / 2012;Decision (Unanimous);Piotr Baginski;2;5:00
Karolina Kowalkiewicz;Marzena Wojas;win;EFS 2 - Extreme Fighting Sports 2;May / 18 / 2012;TKO (Punches);Marcin Blicharski;1;3:12
Yana Kunitskaya;Aspen Ladd;loss;UFC on ESPN 7 - Overeem vs. Rozenstruik;Dec / 07 / 2019;TKO (Punches);Keith Peterson;3;0:33
Yana Kunitskaya;Marion Reneau;win;UFC Fight Night 146 - Lewis vs. Dos Santos;Mar / 09 / 2019;Decision (Unanimous);Nick Berens;3;5:00
Yana Kunitskaya;Lina Lansberg;win;UFC 229 - Nurmagomedov vs. McGregor;Oct / 06 / 2018;Decision (Unanimous);Chris Tognoni;3;5:00
Yana Kunitskaya;Cristiane Justino;loss;UFC 222 - Cyborg vs. Kunitskaya;Mar / 03 / 2018;TKO (Punches);Herb Dean;1;3:25
Yana Kunitskaya;Raquel Pa'aluhi;win;Invicta FC 25 - Kunitskaya vs. Pa'aluhi;Aug / 31 / 2017;Decision (Unanimous);Josh Rosenthal;5;5:00
Yana Kunitskaya;Tonya Evinger;loss;Invicta FC 22 - Evinger vs. Kunitskaya 2;Mar / 25 / 2017;Submission (Rear-Naked Choke);Greg Franklin;2;4:32
Yana Kunitskaya;Tonya Evinger;NC;Invicta FC 20 - Evinger vs. Kunitskaya;Nov / 18 / 2016;No Contest (Overturned By Commission);Mike England;1;1:59
Yana Kunitskaya;Yanan Wu;win;Fightspirit Championship 6 - Horwich vs. Vasilevsky;Sep / 04 / 2016;TKO (Punches);Vyacheslav Kiselev;2;0:32
Yana Kunitskaya;Zaira Dishekova;loss;ACB 32 - Battle of Lions;Mar / 26 / 2016;Submission (Armbar);Viktor Korneev;1;3:38
Yana Kunitskaya;Sylwia Kusiak;win;BA - Baltic Arena;Jun / 15 / 2012;TKO (Corner Stoppage);Krzysztof Kulak;1;0:50
Yana Kunitskaya;Anna Melikhova;win;Lion's Fights 1 - The Beginning;Mar / 03 / 2012;Decision (Unanimous);N/A;2;5:00
Yana Kunitskaya;Ekaterina Saraykina;win;VFC - Verdict Fighting Championship 1;Feb / 11 / 2012;TKO (Punches);N/A;1;1:05
Yana Kunitskaya;Arune Lauzeckaite;win;Bushido Lithuania - Hero's Lithuania 2011;Nov / 19 / 2011;TKO (Punches);N/A;1;1:34
Yana Kunitskaya;Cindy Dandois;win;M-1 Challenge 22 - Narkun vs. Vasilevsky;Dec / 10 / 2010;TKO (Punches);Mika Sinkkonen;1;0:34
Yana Kunitskaya;Kamila Balanda;win;Bushido Lithuania - Hero's Lithuania 2010;Nov / 20 / 2010;TKO (Punches);N/A;1;4:26
Yana Kunitskaya;Maria Hougaard Djursaa;loss;FG 14 - Ice Cold;May / 29 / 2010;Decision (Unanimous);N/A;3;5:00
Yana Kunitskaya;Vladena Yavorskaya;win;Bushido FC - Legends;Nov / 28 / 2009;Submission (Rear-Naked Choke);N/A;1;3:20
Yana Kunitskaya;Magdalena Jarecka;win;K-1 - World Grand Prix 2009;May / 23 / 2009;TKO (Punches);N/A;1;1:38
Aspen Ladd;Yana Kunitskaya;win;UFC on ESPN 7 - Overeem vs. Rozenstruik;Dec / 07 / 2019;TKO (Punches);Keith Peterson;3;0:33
Aspen Ladd;Germaine de Randamie;loss;UFC Fight Night 155 - De Randamie vs. Ladd;Jul / 13 / 2019;TKO (Punches);Herb Dean;1;0:16
Aspen Ladd;Sijara Eubanks;win;UFC Fight Night 152 - Dos Anjos vs. Lee;May / 18 / 2019;Decision (Unanimous);Keith Peterson;3;5:00
Aspen Ladd;Tonya Evinger;win;UFC 229 - Nurmagomedov vs. McGregor;Oct / 06 / 2018;TKO (Punches);Chris Tognoni;1;3:26
Aspen Ladd;Lina Lansberg;win;UFC Fight Night 118 - Cerrone vs. Till;Oct / 21 / 2017;TKO (Punches);Lukasz Bosacki;2;2:33
Aspen Ladd;Sijara Eubanks;win;Invicta FC 21 - Anderson vs. Tweet;Jan / 14 / 2017;Decision (Unanimous);Greg Franklin;3;5:00
Aspen Ladd;Jessica Hoy;win;Invicta FC 18 - Grasso vs. Esquibel;Jul / 29 / 2016;TKO (Elbows and Punches);Mike England;2;3:14
Aspen Ladd;Kelly McGill-Velasco;win;Invicta FC 16 - Hamasaki vs. Brown;Mar / 11 / 2016;TKO (Elbows and Punches);Mark Smith;3;1:47
Aspen Ladd;Amanda Bobby Cooper;win;Invicta FC 14 - Evinger vs. Kianzad;Sep / 12 / 2015;Submission (Armbar);John McCarthy;2;4:42
Aspen Ladd;Ana Carolina Vidal;win;Invicta FC 11 - Cyborg vs. Tweet;Feb / 27 / 2015;TKO (Punches and Elbows);Mike Bell;1;4:21
Lina Lansberg;Sara McMann;loss;UFC Fight Night 166 - Blaydes vs. dos Santos;Jan / 25 / 2020;Decision (Unanimous);Larry Carter;3;5:00
Lina Lansberg;Macy Chiasson;win;UFC Fight Night 160 - Hermansson vs. Cannonier;Sep / 28 / 2019;Decision (Unanimous);Leon Roberts;3;5:00
Lina Lansberg;Tonya Evinger;win;UFC Fight Night 153 - Gustafsson vs. Smith;Jun / 01 / 2019;Decision (Unanimous);Kevin Sataki;3;5:00
Lina Lansberg;Yana Kunitskaya;loss;UFC 229 - Nurmagomedov vs. McGregor;Oct / 06 / 2018;Decision (Unanimous);Chris Tognoni;3;5:00
Lina Lansberg;Gina Mazany;win;UFC Fight Night 130 - Thompson vs. Till;May / 27 / 2018;Decision (Unanimous);Marc Goddard;3;5:00
Lina Lansberg;Aspen Ladd;loss;UFC Fight Night 118 - Cerrone vs. Till;Oct / 21 / 2017;TKO (Punches);Lukasz Bosacki;2;2:33
Lina Lansberg;Lucie Pudilova;win;UFC Fight Night 107 - Manuwa vs. Anderson;Mar / 18 / 2017;Decision (Unanimous);Neil Hall;3;5:00
Lina Lansberg;Cristiane Justino;loss;UFC Fight Night 95 - Cyborg vs. Lansberg;Sep / 24 / 2016;TKO (Punches);Mario Yamasaki;2;2:29
Lina Lansberg;Maria Hougaard Djursaa;win;Odense Fight Night 5 - Last Call;Mar / 12 / 2016;TKO (Punches);N/A;2;2:00
Lina Lansberg;Lucie Pudilova;win;BOB 5 - Battle of Botnia 2015;Nov / 28 / 2015;Decision (Unanimous);N/A;3;5:00
Lina Lansberg;Alexandra Buch;win;Superior Challenge 12 - Malmo 2;May / 16 / 2015;TKO (Punches and Elbows);N/A;1;2:33
Lina Lansberg;Laura Howarth;win;CWFC 71 - Cage Warriors Fighting Championship 71;Aug / 22 / 2014;TKO (Retirement);Rich Mitchell;1;5:00
Lina Lansberg;Emma Delaney;win;CWFC 66 - Cage Warriors Fighting Championship 66;Mar / 22 / 2014;TKO (Punches and Elbows);Marc Goddard;3;2:26
Lina Lansberg;L.J. Adams;win;HFC - Heroes Fighting;Mar / 23 / 2013;Decision (Unanimous);N/A;3;5:00
Lina Lansberg;Pannie Kianzad;loss;Trophy MMA 1 - New Year's Bash 1;Dec / 29 / 2012;TKO (Punches);Robert Sundel;3;4:44
Andrea Lee;Lauren Murphy;loss;UFC 247 - Jones vs. Reyes;Feb / 08 / 2020;Decision (Split);Jeff Rexroad;3;5:00
Andrea Lee;Joanne Calderwood;loss;UFC 242 - Khabib vs. Poirier;Sep / 07 / 2019;Decision (Split);Viacheslav Kiselev;3;5:00
Andrea Lee;Montana De La Rosa;win;UFC Fight Night 154 - Moicano vs. The Korean Zombie;Jun / 22 / 2019;Decision (Unanimous);Gary Copeland;3;5:00
Andrea Lee;Ashlee Evans-Smith;win;UFC on ESPN 1 - Ngannou vs. Velasquez;Feb / 17 / 2019;Decision (Unanimous);Al Guinee;3;5:00
Andrea Lee;Veronica Macedo;win;UFC Fight Night 129 - Maia vs. Usman;May / 19 / 2018;Decision (Unanimous);Camila Albuquerque;3;5:00
Andrea Lee;Jamie Thorton;win;LFA 23 - Krantz vs. Nakashima;Sep / 22 / 2017;Submission (Kimura);Buddy Caskey;2;2:54
Andrea Lee;Liz Tracy;win;Invicta FC 23 - Porto vs. Niedzwiedz;May / 20 / 2017;Decision (Split);Greg Franklin;3;5:00
Andrea Lee;Heather Bassett;win;LFA 4 - Aguilar vs. Jackson;Feb / 17 / 2017;Submission (Armbar);Stan McCandlish;3;3:40
Andrea Lee;Jenny Liou;win;Invicta FC 21 - Anderson vs. Tweet;Jan / 14 / 2017;KO (Punch to the Body);Mike England;1;1:14
Andrea Lee;Sarah D'Alelio;loss;Invicta FC 16 - Hamasaki vs. Brown;Mar / 11 / 2016;Submission (Rear-Naked Choke);Chris Tognoni;3;4:21
Andrea Lee;Ariel Beck;win;LFC 49 - Legacy Fighting Championship 49;Dec / 04 / 2015;Submission (Armbar);Jared Baker;3;4:22
Andrea Lee;Rachael Ostovich;win;Invicta FC 14 - Evinger vs. Kianzad;Sep / 12 / 2015;Submission (Armbar);John McCarthy;3;4:58
Andrea Lee;Roxanne Modafferi;loss;Invicta FC 10 - Waterson vs. Tiburcio;Dec / 05 / 2014;Decision (Split);Chris Reed;3;5:00
Andrea Lee;Shannon Sinn;win;Invicta FC 9 - Honchak vs. Hashi;Nov / 01 / 2014;Decision (Unanimous);Rob Hinds;3;5:00
Andrea Lee;Kim Colbert;win;GFA 27 - The Stage;Sep / 19 / 2014;TKO (Doctor Stoppage);N/A;1;0:10
Amanda Lemos;Miranda Granger;win;UFC Fight Night 165 - Edgar vs. Korean Zombie;Dec / 21 / 2019;Technical Submission (Rear-Naked Choke);Greg Kleynjans;1;3:43
Amanda Lemos;Leslie Smith;loss;UFC Fight Night 113 - Nelson vs. Ponzinibbio;Jul / 16 / 2017;TKO (Punches);Rich Mitchell;2;2:53
Amanda Lemos;Mayra Cantuaria Rodrigues;win;JF - Jungle Fight 88;Jun / 25 / 2016;KO (Knee);Flavio Almendra;3;0:28
Amanda Lemos;Mayra Cantuaria Rodrigues;draw;JF - Jungle Fight 85;Jan / 23 / 2016;Draw (Majority);N/A;3;5:00
Amanda Lemos;Carolina Cunha;win;JF - Jungle Fight 82;Oct / 24 / 2015;Submission (Guillotine Choke);N/A;1;2:15
Amanda Lemos;Carol Abdon;win;FDAM - Fusao de Artes Marciais 5;Sep / 26 / 2015;TKO (Punches);Iuri Alcantara;1;3:20
Amanda Lemos;Debora Dias Nascimento;win;JF - Jungle Fight 77;May / 09 / 2015;TKO (Punches);Alessandro Souza;1;3:23
Amanda Lemos;Alenice Correa Costa;win;JOF - Jurunense Open Fight MMA 8;Sep / 25 / 2014;TKO (Punches);Zezao Trator;1;4:15
Amanda Lemos;Laura Falcao;win;FDAM - Fusao de Artes Marciais 3;Jul / 17 / 2014;TKO (Punches);Carlos Loleiro;1;4:23
Leah Letson;Julija Stoliarenko;win;UFC - The Ultimate Fighter 28 Finale;Nov / 30 / 2018;Decision (Split);Chris Tognoni;3;5:00
Leah Letson;Elizabeth Phillips;win;Invicta FC 21 - Anderson vs. Tweet;Jan / 14 / 2017;KO (Head Kick);Mike England;1;1:18
Leah Letson;Sarah Payant;win;Premier FC 20 - Premier Fighting Championship 20;Jul / 30 / 2016;TKO (Punches);N/A;1;4:22
Leah Letson;Allanna Jones;win;KOTC - Blood Enemies;May / 21 / 2016;Decision (Unanimous);Bill Bookwalter;3;5:00
Leah Letson;Shaena Cox;win;Pure FC 2 - Pure Fighting Championships 2;Nov / 14 / 2015;KO (Punch);Otto Torreiro;2;0:50
Leah Letson;Christina Jobe;loss;KOTC - Industrial Strength;Nov / 22 / 2014;Decision (Split);N/A;3;5:00
Ariane Lipski;Isabela de Padua;win;UFC Fight Night 164 - Blachowicz vs. Jacare;Nov / 16 / 2019;Decision (Unanimous);Fernando Portella;3;5:00
Ariane Lipski;Molly McCann;loss;UFC Fight Night 154 - Moicano vs. The Korean Zombie;Jun / 22 / 2019;Decision (Unanimous);Jimmy Neely;3;5:00
Ariane Lipski;Joanne Calderwood;loss;UFC Fight Night 143 - Cejudo vs. Dillashaw;Jan / 19 / 2019;Decision (Unanimous);Blake Grice;3;5:00
Ariane Lipski;Silvana Gomez Juarez;win;KSW 42 - Khalidov vs. Narkun;Mar / 03 / 2018;Decision (Unanimous);Piotr Michalak;5;5:00
Ariane Lipski;Mariana Morais;win;KSW 40 - Dublin;Oct / 22 / 2017;Submission (Rear-Naked Choke);Tomasz Bronder;1;0:58
Ariane Lipski;Diana Belbita;win;KSW 39 - Colosseum;May / 27 / 2017;Submission (Armbar);Tomasz Bronder;1;4:52
Ariane Lipski;Sheila Gaff;win;KSW 36 - Materla vs. Palhares;Oct / 01 / 2016;KO (Punches);Tomasz Bronder;1;2:09
Ariane Lipski;Juliana Werner;win;Imortal FC 4 - Dynamite;May / 21 / 2016;KO (Punch);Charyana Gamballe;2;4:26
Ariane Lipski;Katarzyna Lubonska;win;KSW 33 - Materla vs. Khalidov;Nov / 28 / 2015;TKO (Punch and Body Kick);Rich Mitchell;2;3:25
Ariane Lipski;Paula Vieira da Silva;win;SHC - Striker's House Cup 55;Oct / 17 / 2015;TKO (Punches);N/A;1;1:04
Ariane Lipski;Marta Souza;win;SHC - Striker's House Cup 52;Aug / 15 / 2015;Decision (Unanimous);Ronaldo Leite;3;5:00
Ariane Lipski;Geisyele Nascimento;win;SHC - Striker's House Cup 50;Jun / 20 / 2015;TKO (Punches);N/A;1;0:35
Ariane Lipski;Isabelly Varela;loss;Curitiba Top Fight 9 - The Return;Mar / 01 / 2015;Decision (Split);Roberto Piccinini;3;5:00
Ariane Lipski;Daiane Firmino;loss;MMASH - MMA Super Heroes 7;Nov / 15 / 2014;TKO (Punches);N/A;1;2:28
Ariane Lipski;Jaquelline Santana;win;GCF - Gladiator Combat Fight 7;Sep / 06 / 2014;TKO (Punches);Roberto Piccinini;1;0:20
Ariane Lipski;Gisele Moreira;loss;NCF - Nitrix Champion Fight 21;Jun / 01 / 2014;Decision (Unanimous);N/A;3;5:00
Ariane Lipski;Daiana Torquato;win;NCF - Nitrix Champion Fight 17;Nov / 03 / 2013;Decision (Unanimous);N/A;3;5:00
